SOC,clay,silt,bulk_density
48,17.55,33.124545454545455,1.425909090909091
